method_a,method_b,agreement_score,sample_idx
GradCAM,IntegratedGradients,0.4166666666666667,1556
GradCAM,SHAP,0.8695652173913043,1556
IntegratedGradients,SHAP,0.4166666666666667,1556
GradCAM,IntegratedGradients,0.3076923076923077,1615
GradCAM,SHAP,0.5,1615
IntegratedGradients,SHAP,0.5,1615
GradCAM,IntegratedGradients,0.6666666666666666,1705
GradCAM,SHAP,0.9444444444444444,1705
IntegratedGradients,SHAP,0.6666666666666666,1705
GradCAM,IntegratedGradients,0.8,2320
GradCAM,SHAP,0.8,2320
IntegratedGradients,SHAP,1.0,2320
GradCAM,IntegratedGradients,0.9444444444444444,3648
GradCAM,SHAP,0.9444444444444444,3648
IntegratedGradients,SHAP,1.0,3648
GradCAM,IntegratedGradients,0.45,7838
GradCAM,SHAP,0.6,7838
IntegratedGradients,SHAP,0.45,7838
GradCAM,IntegratedGradients,0.5882352941176471,7944
GradCAM,SHAP,0.2692307692307692,7944
IntegratedGradients,SHAP,0.6666666666666666,7944
GradCAM,IntegratedGradients,0.9375,8160
GradCAM,SHAP,1.0,8160
IntegratedGradients,SHAP,0.9375,8160
GradCAM,IntegratedGradients,0.2127659574468085,9297
GradCAM,SHAP,0.5,9297
IntegratedGradients,SHAP,0.7111111111111111,9297
GradCAM,IntegratedGradients,0.5666666666666667,9534
GradCAM,SHAP,0.5,9534
IntegratedGradients,SHAP,0.6666666666666666,9534
GradCAM,IntegratedGradients,0.4642857142857143,11848
GradCAM,SHAP,0.6896551724137931,11848
IntegratedGradients,SHAP,0.6206896551724138,11848
GradCAM,IntegratedGradients,0.2727272727272727,12626
GradCAM,SHAP,0.45454545454545453,12626
IntegratedGradients,SHAP,0.8181818181818182,12626
GradCAM,IntegratedGradients,0.0,12995
GradCAM,SHAP,0.0,12995
IntegratedGradients,SHAP,0.6470588235294118,12995
GradCAM,IntegratedGradients,0.0,13325
GradCAM,SHAP,1.0,13325
IntegratedGradients,SHAP,0.0,13325
GradCAM,IntegratedGradients,0.4375,13785
GradCAM,SHAP,0.3384615384615385,13785
IntegratedGradients,SHAP,0.7384615384615385,13785
GradCAM,IntegratedGradients,0.6190476190476191,14008
GradCAM,SHAP,0.6666666666666666,14008
IntegratedGradients,SHAP,0.9523809523809523,14008
GradCAM,IntegratedGradients,0.7924528301886793,14238
GradCAM,SHAP,0.9615384615384616,14238
IntegratedGradients,SHAP,0.7547169811320755,14238
GradCAM,IntegratedGradients,0.5714285714285714,15213
GradCAM,SHAP,0.8292682926829268,15213
IntegratedGradients,SHAP,0.6976744186046512,15213
GradCAM,IntegratedGradients,0.631578947368421,15544
GradCAM,SHAP,0.6486486486486487,15544
IntegratedGradients,SHAP,0.717948717948718,15544
GradCAM,IntegratedGradients,0.3181818181818182,17668
GradCAM,SHAP,0.36363636363636365,17668
IntegratedGradients,SHAP,0.9090909090909091,17668
GradCAM,IntegratedGradients,0.6153846153846154,18142
GradCAM,SHAP,0.6153846153846154,18142
IntegratedGradients,SHAP,1.0,18142
GradCAM,IntegratedGradients,0.0,18154
GradCAM,SHAP,0.0,18154
IntegratedGradients,SHAP,0.0,18154
GradCAM,IntegratedGradients,0.5833333333333334,18203
GradCAM,SHAP,0.625,18203
IntegratedGradients,SHAP,0.875,18203
GradCAM,IntegratedGradients,0.696969696969697,18206
GradCAM,SHAP,0.7384615384615385,18206
IntegratedGradients,SHAP,0.9230769230769231,18206
GradCAM,IntegratedGradients,0.5365853658536586,18224
GradCAM,SHAP,0.5365853658536586,18224
IntegratedGradients,SHAP,0.6,18224
GradCAM,IntegratedGradients,0.3076923076923077,18309
GradCAM,SHAP,0.38461538461538464,18309
IntegratedGradients,SHAP,0.9230769230769231,18309
GradCAM,IntegratedGradients,0.0,18318
GradCAM,SHAP,0.0,18318
IntegratedGradients,SHAP,1.0,18318
GradCAM,IntegratedGradients,0.7857142857142857,18360
GradCAM,SHAP,0.7857142857142857,18360
IntegratedGradients,SHAP,1.0,18360
GradCAM,IntegratedGradients,0.56,18375
GradCAM,SHAP,0.56,18375
IntegratedGradients,SHAP,0.84,18375
GradCAM,IntegratedGradients,0.2978723404255319,18392
GradCAM,SHAP,0.3829787234042553,18392
IntegratedGradients,SHAP,0.9230769230769231,18392
GradCAM,IntegratedGradients,0.52,18420
GradCAM,SHAP,0.64,18420
IntegratedGradients,SHAP,0.84,18420
GradCAM,IntegratedGradients,0.0,18457
GradCAM,SHAP,0.0,18457
IntegratedGradients,SHAP,1.0,18457
GradCAM,IntegratedGradients,0.4,18488
GradCAM,SHAP,0.64,18488
IntegratedGradients,SHAP,0.76,18488
GradCAM,IntegratedGradients,0.46153846153846156,18496
GradCAM,SHAP,0.6666666666666666,18496
IntegratedGradients,SHAP,0.8,18496
GradCAM,IntegratedGradients,0.6,18526
GradCAM,SHAP,0.6,18526
IntegratedGradients,SHAP,1.0,18526
GradCAM,IntegratedGradients,0.6896551724137931,18531
GradCAM,SHAP,0.4,18531
IntegratedGradients,SHAP,0.7096774193548387,18531
GradCAM,IntegratedGradients,0.8888888888888888,18534
GradCAM,SHAP,0.8888888888888888,18534
IntegratedGradients,SHAP,1.0,18534
GradCAM,IntegratedGradients,0.4074074074074074,18543
GradCAM,SHAP,0.5925925925925926,18543
IntegratedGradients,SHAP,0.8148148148148148,18543
GradCAM,IntegratedGradients,0.6111111111111112,18604
GradCAM,SHAP,0.9444444444444444,18604
IntegratedGradients,SHAP,0.6111111111111112,18604
GradCAM,IntegratedGradients,0.0,18645
GradCAM,SHAP,0.0,18645
IntegratedGradients,SHAP,0.3225806451612903,18645
GradCAM,IntegratedGradients,0.38095238095238093,18813
GradCAM,SHAP,0.38095238095238093,18813
IntegratedGradients,SHAP,1.0,18813
GradCAM,IntegratedGradients,0.65,18904
GradCAM,SHAP,0.6666666666666666,18904
IntegratedGradients,SHAP,0.95,18904
GradCAM,IntegratedGradients,0.0,19020
GradCAM,SHAP,0.0,19020
IntegratedGradients,SHAP,0.8,19020
GradCAM,IntegratedGradients,0.5365853658536586,19090
GradCAM,SHAP,0.65,19090
IntegratedGradients,SHAP,0.7906976744186046,19090
GradCAM,IntegratedGradients,0.0,19123
GradCAM,SHAP,0.0,19123
IntegratedGradients,SHAP,0.9473684210526315,19123
GradCAM,IntegratedGradients,0.5,19233
GradCAM,SHAP,0.46153846153846156,19233
IntegratedGradients,SHAP,0.926829268292683,19233
GradCAM,IntegratedGradients,0.7142857142857143,19300
GradCAM,SHAP,0.7619047619047619,19300
IntegratedGradients,SHAP,0.9523809523809523,19300
GradCAM,IntegratedGradients,0.2857142857142857,19301
GradCAM,SHAP,0.22727272727272727,19301
IntegratedGradients,SHAP,0.5909090909090909,19301
GradCAM,IntegratedGradients,0.0,19480
GradCAM,SHAP,0.0,19480
IntegratedGradients,SHAP,0.7843137254901961,19480
GradCAM,IntegratedGradients,0.0,19577
GradCAM,SHAP,0.0,19577
IntegratedGradients,SHAP,0.975609756097561,19577
GradCAM,IntegratedGradients,0.5454545454545454,19631
GradCAM,SHAP,0.5454545454545454,19631
IntegratedGradients,SHAP,1.0,19631
GradCAM,IntegratedGradients,0.0,19662
GradCAM,SHAP,0.0,19662
IntegratedGradients,SHAP,0.8333333333333334,19662
GradCAM,IntegratedGradients,0.0,19679
GradCAM,SHAP,0.0,19679
IntegratedGradients,SHAP,0.5555555555555556,19679
GradCAM,IntegratedGradients,0.5714285714285714,19778
GradCAM,SHAP,0.6190476190476191,19778
IntegratedGradients,SHAP,0.6190476190476191,19778
GradCAM,IntegratedGradients,0.2857142857142857,19834
GradCAM,SHAP,0.2857142857142857,19834
IntegratedGradients,SHAP,0.9047619047619048,19834
GradCAM,IntegratedGradients,0.6046511627906976,19868
GradCAM,SHAP,0.6829268292682927,19868
IntegratedGradients,SHAP,0.8095238095238095,19868
GradCAM,IntegratedGradients,0.0,19872
GradCAM,SHAP,0.0,19872
IntegratedGradients,SHAP,0.16216216216216217,19872
GradCAM,IntegratedGradients,0.7619047619047619,19888
GradCAM,SHAP,0.42857142857142855,19888
IntegratedGradients,SHAP,0.47619047619047616,19888
GradCAM,IntegratedGradients,0.8292682926829268,19971
GradCAM,SHAP,0.8095238095238095,19971
IntegratedGradients,SHAP,0.975609756097561,19971
GradCAM,IntegratedGradients,0.5238095238095238,20019
GradCAM,SHAP,0.55,20019
IntegratedGradients,SHAP,0.95,20019
GradCAM,IntegratedGradients,0.36363636363636365,20134
GradCAM,SHAP,0.18181818181818182,20134
IntegratedGradients,SHAP,0.8823529411764706,20134
GradCAM,IntegratedGradients,0.52,20136
GradCAM,SHAP,0.625,20136
IntegratedGradients,SHAP,0.8,20136
GradCAM,IntegratedGradients,0.0,20138
GradCAM,SHAP,0.0,20138
IntegratedGradients,SHAP,0.8823529411764706,20138
GradCAM,IntegratedGradients,0.0,20141
GradCAM,SHAP,0.0,20141
IntegratedGradients,SHAP,0.9411764705882353,20141
GradCAM,IntegratedGradients,0.46153846153846156,20157
GradCAM,SHAP,0.44,20157
IntegratedGradients,SHAP,0.7692307692307693,20157
GradCAM,IntegratedGradients,0.48484848484848486,20170
GradCAM,SHAP,0.6666666666666666,20170
IntegratedGradients,SHAP,0.7058823529411765,20170
GradCAM,IntegratedGradients,0.0,20186
GradCAM,SHAP,0.0,20186
IntegratedGradients,SHAP,0.6470588235294118,20186
GradCAM,IntegratedGradients,0.0,20192
GradCAM,SHAP,0.0,20192
IntegratedGradients,SHAP,0.9411764705882353,20192
GradCAM,IntegratedGradients,0.68,20207
GradCAM,SHAP,0.56,20207
IntegratedGradients,SHAP,0.88,20207
GradCAM,IntegratedGradients,0.35,20208
GradCAM,SHAP,0.5116279069767442,20208
IntegratedGradients,SHAP,0.8292682926829268,20208
GradCAM,IntegratedGradients,0.75,20210
GradCAM,SHAP,0.95,20210
IntegratedGradients,SHAP,0.75,20210
GradCAM,IntegratedGradients,0.5,20218
GradCAM,SHAP,0.2857142857142857,20218
IntegratedGradients,SHAP,0.8235294117647058,20218
GradCAM,IntegratedGradients,0.47058823529411764,20219
GradCAM,SHAP,0.6875,20219
IntegratedGradients,SHAP,0.6470588235294118,20219
GradCAM,IntegratedGradients,0.5789473684210527,20220
GradCAM,SHAP,0.6666666666666666,20220
IntegratedGradients,SHAP,0.6829268292682927,20220
GradCAM,IntegratedGradients,0.0,20239
GradCAM,SHAP,0.0,20239
IntegratedGradients,SHAP,0.9411764705882353,20239
GradCAM,IntegratedGradients,0.85,20249
GradCAM,SHAP,0.7894736842105263,20249
IntegratedGradients,SHAP,0.9473684210526315,20249
GradCAM,IntegratedGradients,0.0,20250
GradCAM,SHAP,0.0,20250
IntegratedGradients,SHAP,0.9,20250
GradCAM,IntegratedGradients,0.4375,20276
GradCAM,SHAP,0.5517241379310345,20276
IntegratedGradients,SHAP,0.8,20276
GradCAM,IntegratedGradients,0.7027027027027027,20277
GradCAM,SHAP,0.7567567567567568,20277
IntegratedGradients,SHAP,0.9473684210526315,20277
GradCAM,IntegratedGradients,0.46153846153846156,20280
GradCAM,SHAP,0.631578947368421,20280
IntegratedGradients,SHAP,0.7428571428571429,20280
GradCAM,IntegratedGradients,0.4,20320
GradCAM,SHAP,0.4,20320
IntegratedGradients,SHAP,0.72,20320
GradCAM,IntegratedGradients,0.24,20428
GradCAM,SHAP,0.28,20428
IntegratedGradients,SHAP,0.84,20428
GradCAM,IntegratedGradients,0.16,20454
GradCAM,SHAP,0.24,20454
IntegratedGradients,SHAP,0.92,20454
GradCAM,IntegratedGradients,0.0,20484
GradCAM,SHAP,0.0,20484
IntegratedGradients,SHAP,0.88,20484
GradCAM,IntegratedGradients,0.0,20551
GradCAM,SHAP,0.0,20551
IntegratedGradients,SHAP,0.88,20551
GradCAM,IntegratedGradients,0.3333333333333333,20797
GradCAM,SHAP,0.4166666666666667,20797
IntegratedGradients,SHAP,0.9166666666666666,20797
GradCAM,IntegratedGradients,0.0,20819
GradCAM,SHAP,0.0,20819
IntegratedGradients,SHAP,0.9565217391304348,20819
GradCAM,IntegratedGradients,0.0,20932
GradCAM,SHAP,0.0,20932
IntegratedGradients,SHAP,0.875,20932
GradCAM,IntegratedGradients,0.0,20936
GradCAM,SHAP,0.0,20936
IntegratedGradients,SHAP,1.0,20936
GradCAM,IntegratedGradients,0.8292682926829268,20951
GradCAM,SHAP,0.8292682926829268,20951
IntegratedGradients,SHAP,0.9166666666666666,20951
GradCAM,IntegratedGradients,0.0,21026
GradCAM,SHAP,0.0,21026
IntegratedGradients,SHAP,0.8260869565217391,21026
GradCAM,IntegratedGradients,0.0,21087
GradCAM,SHAP,0.0,21087
IntegratedGradients,SHAP,0.9310344827586207,21087
GradCAM,IntegratedGradients,0.0,21169
GradCAM,SHAP,0.0,21169
IntegratedGradients,SHAP,0.8461538461538461,21169
GradCAM,IntegratedGradients,0.0,21342
GradCAM,SHAP,0.0,21342
IntegratedGradients,SHAP,0.9130434782608695,21342
GradCAM,IntegratedGradients,0.12,21403
GradCAM,SHAP,0.2,21403
IntegratedGradients,SHAP,0.84,21403
GradCAM,IntegratedGradients,0.48,21444
GradCAM,SHAP,0.48,21444
IntegratedGradients,SHAP,0.88,21444
GradCAM,IntegratedGradients,0.0,21522
GradCAM,SHAP,0.2702702702702703,21522
IntegratedGradients,SHAP,0.7777777777777778,21522
GradCAM,IntegratedGradients,0.0,21531
GradCAM,SHAP,0.0,21531
IntegratedGradients,SHAP,0.7777777777777778,21531
GradCAM,IntegratedGradients,0.4878048780487805,21584
GradCAM,SHAP,0.47619047619047616,21584
IntegratedGradients,SHAP,0.9767441860465116,21584
GradCAM,IntegratedGradients,0.0,21870
GradCAM,SHAP,0.0,21870
IntegratedGradients,SHAP,0.9545454545454546,21870
