sample_idx,method,y_true,y_pred,pred_confidence,comparison_valid,dice,alignment_score,alignment_grade,edge_focus,threshold,threshold_policy,xai_coverage,clinical_coverage,coverage_delta
1556,SHAP,0,0,0.9995101690292358,True,0.782608695652174,0.782608695652174,strong,0.0,0.46985504031181335,clinical_coverage,0.1564625850340136,0.1564625850340136,0.0
1556,GradCAM,0,0,0.9995101690292358,True,0.6521739130434783,0.6521739130434783,moderate,0.0,0.5812044143676758,clinical_coverage,0.1564625850340136,0.1564625850340136,0.0
1556,IntegratedGradients,0,0,0.9995101690292358,True,0.43478260869565216,0.4,weak,0.08,0.7773018479347229,clinical_coverage,0.17006802721088435,0.1564625850340136,0.013605442176870736
1615,SHAP,0,0,0.9999855756759644,True,0.5,0.5,moderate,0.0,0.3253367841243744,clinical_coverage,0.17687074829931973,0.17687074829931973,0.0
1615,GradCAM,0,0,0.9999855756759644,True,0.6538461538461539,0.6538461538461539,moderate,0.0,0.26961955428123474,clinical_coverage,0.17687074829931973,0.17687074829931973,0.0
1615,IntegratedGradients,0,0,0.9999855756759644,True,0.5882352941176471,0.5656108597285068,moderate,0.038461538461538464,0.8926552534103394,clinical_coverage,0.17687074829931973,0.17687074829931973,0.0
1705,SHAP,0,0,0.8699837923049927,True,0.7222222222222222,0.7222222222222222,moderate,0.0,0.36020371317863464,clinical_coverage,0.12244897959183673,0.12244897959183673,0.0
1705,GradCAM,0,0,0.8699837923049927,True,0.7222222222222222,0.7222222222222222,moderate,0.0,0.2795500159263611,clinical_coverage,0.12244897959183673,0.12244897959183673,0.0
1705,IntegratedGradients,0,0,0.8699837923049927,True,0.9411764705882353,0.8366013071895424,strong,0.1111111111111111,0.510601818561554,clinical_coverage,0.12244897959183673,0.12244897959183673,0.0
2320,SHAP,0,0,0.9964938759803772,True,0.8666666666666667,0.8666666666666667,strong,0.0,0.4547172486782074,clinical_coverage,0.10204081632653061,0.10204081632653061,0.0
2320,GradCAM,0,0,0.9964938759803772,True,0.7333333333333333,0.7333333333333333,moderate,0.0,0.47352269291877747,clinical_coverage,0.10204081632653061,0.10204081632653061,0.0
2320,IntegratedGradients,0,0,0.9964938759803772,True,0.8666666666666667,0.8666666666666667,strong,0.0,0.37966376543045044,clinical_coverage,0.10204081632653061,0.10204081632653061,0.0
3648,SHAP,0,0,0.9999816417694092,True,0.7222222222222222,0.7222222222222222,moderate,0.0,0.2695801854133606,clinical_coverage,0.12244897959183673,0.12244897959183673,0.0
3648,GradCAM,0,0,0.9999816417694092,True,0.7222222222222222,0.7222222222222222,moderate,0.0,0.34378522634506226,clinical_coverage,0.12244897959183673,0.12244897959183673,0.0
3648,IntegratedGradients,0,0,0.9999816417694092,True,0.7222222222222222,0.7222222222222222,moderate,0.0,0.2789965867996216,clinical_coverage,0.12244897959183673,0.12244897959183673,0.0
7838,SHAP,0,0,0.9999688863754272,True,0.631578947368421,0.5684210526315789,moderate,0.1,0.6410151124000549,clinical_coverage,0.1360544217687075,0.1360544217687075,0.0
7838,GradCAM,0,0,0.9999688863754272,True,0.65,0.65,moderate,0.0,0.20705457031726837,clinical_coverage,0.1360544217687075,0.1360544217687075,0.0
7838,IntegratedGradients,0,0,0.9999688863754272,True,0.45,0.45,weak,0.0,0.7747683525085449,clinical_coverage,0.1360544217687075,0.1360544217687075,0.0
7944,SHAP,0,0,0.9999536275863647,True,0.44,0.4061538461538462,weak,0.07692307692307693,0.6487290263175964,clinical_coverage,0.17687074829931973,0.17687074829931973,0.0
7944,GradCAM,0,0,0.9999536275863647,True,0.0,0.0,minimal,0.07692307692307693,0.0004888511612080038,clinical_coverage,0.17687074829931973,0.17687074829931973,0.0
7944,IntegratedGradients,0,0,0.9999536275863647,True,0.40816326530612246,0.37551020408163266,weak,0.08,0.37657761573791504,clinical_coverage,0.17006802721088435,0.17687074829931973,0.006802721088435382
8160,SHAP,0,0,0.98504638671875,True,0.8125,0.8125,strong,0.0,0.36021849513053894,clinical_coverage,0.10884353741496598,0.10884353741496598,0.0
8160,GradCAM,0,0,0.98504638671875,True,0.8125,0.8125,strong,0.0,0.46322739124298096,clinical_coverage,0.10884353741496598,0.10884353741496598,0.0
8160,IntegratedGradients,0,0,0.98504638671875,True,0.8125,0.8125,strong,0.0,0.4693036377429962,clinical_coverage,0.10884353741496598,0.10884353741496598,0.0
9297,SHAP,0,0,0.999535083770752,True,0.5909090909090909,0.5395256916996048,moderate,0.08695652173913043,0.46331721544265747,clinical_coverage,0.1564625850340136,0.1564625850340136,0.0
9297,GradCAM,0,0,0.999535083770752,True,0.2608695652173913,0.24,minimal,0.08,0.6406117677688599,clinical_coverage,0.17006802721088435,0.1564625850340136,0.013605442176870736
9297,IntegratedGradients,0,0,0.999535083770752,True,0.5777777777777777,0.5777777777777777,moderate,0.0,0.23206937313079834,clinical_coverage,0.14965986394557823,0.1564625850340136,0.006802721088435382
9534,SHAP,0,0,0.9998356103897095,True,0.4482758620689655,0.41839080459770117,weak,0.06666666666666667,0.5151671171188354,clinical_coverage,0.20408163265306123,0.20408163265306123,0.0
9534,GradCAM,0,0,0.9998356103897095,True,0.7666666666666667,0.7666666666666667,strong,0.0,0.3650243878364563,clinical_coverage,0.20408163265306123,0.20408163265306123,0.0
9534,IntegratedGradients,0,0,0.9998356103897095,True,0.4482758620689655,0.41839080459770117,weak,0.06666666666666667,0.41789764165878296,clinical_coverage,0.20408163265306123,0.20408163265306123,0.0
11848,SHAP,0,0,0.9999799728393555,True,0.7241379310344828,0.7241379310344828,moderate,0.0,0.35712844133377075,clinical_coverage,0.20408163265306123,0.19047619047619047,0.013605442176870763
11848,GradCAM,0,0,0.9999799728393555,True,0.6428571428571429,0.6428571428571429,moderate,0.0,0.046896904706954956,clinical_coverage,0.19047619047619047,0.19047619047619047,0.0
11848,IntegratedGradients,0,0,0.9999799728393555,True,0.48148148148148145,0.4470899470899471,weak,0.07142857142857142,0.3050943911075592,clinical_coverage,0.19047619047619047,0.19047619047619047,0.0
12626,SHAP,0,0,0.999739944934845,True,0.47619047619047616,0.43290043290043284,weak,0.09090909090909091,0.8042771220207214,clinical_coverage,0.14965986394557823,0.14965986394557823,0.0
12626,GradCAM,0,0,0.999739944934845,True,0.5909090909090909,0.5909090909090909,moderate,0.0,0.20572404563426971,clinical_coverage,0.14965986394557823,0.14965986394557823,0.0
12626,IntegratedGradients,0,0,0.999739944934845,True,0.2857142857142857,0.2597402597402597,weak,0.09090909090909091,0.43022212386131287,clinical_coverage,0.14965986394557823,0.14965986394557823,0.0
12995,SHAP,0,0,0.9955297112464905,True,0.7058823529411765,0.7058823529411765,moderate,0.0,0.410189688205719,clinical_coverage,0.11564625850340136,0.11564625850340136,0.0
12995,GradCAM,0,0,0.9955297112464905,True,0.0,0.0,minimal,0.2857142857142857,3.285301136202179e-05,clinical_coverage,0.047619047619047616,0.11564625850340136,0.06802721088435375
12995,IntegratedGradients,0,0,0.9955297112464905,True,0.75,0.6617647058823529,moderate,0.11764705882352941,0.7591056227684021,clinical_coverage,0.11564625850340136,0.11564625850340136,0.0
13325,SHAP,0,0,0.9999758005142212,True,0.6666666666666666,0.5185185185185185,moderate,0.2222222222222222,0.6295390129089355,clinical_coverage,0.061224489795918366,0.07482993197278912,0.01360544217687075
13325,GradCAM,0,0,0.9999758005142212,True,0.6666666666666666,0.5185185185185185,moderate,0.2222222222222222,3.3445518056396395e-05,clinical_coverage,0.061224489795918366,0.07482993197278912,0.01360544217687075
13325,IntegratedGradients,0,0,0.9999758005142212,True,0.0,0.0,minimal,0.09090909090909091,0.7732135057449341,clinical_coverage,0.07482993197278912,0.07482993197278912,0.0
13785,SHAP,0,0,0.9125162959098816,True,0.7936507936507936,0.7455507455507455,moderate,0.06060606060606061,0.6433402895927429,clinical_coverage,0.22448979591836735,0.21768707482993196,0.006802721088435382
13785,GradCAM,0,0,0.9125162959098816,True,0.25806451612903225,0.24193548387096775,minimal,0.0625,0.02171560749411583,clinical_coverage,0.21768707482993196,0.21768707482993196,0.0
13785,IntegratedGradients,0,0,0.9125162959098816,True,0.6129032258064516,0.5745967741935484,moderate,0.0625,0.6523632407188416,clinical_coverage,0.21768707482993196,0.21768707482993196,0.0
14008,SHAP,0,0,0.9823101162910461,True,0.65,0.5880952380952381,moderate,0.09523809523809523,0.6445570588111877,clinical_coverage,0.14285714285714285,0.14285714285714285,0.0
14008,GradCAM,0,0,0.9823101162910461,True,0.6190476190476191,0.6190476190476191,moderate,0.0,0.0872916728258133,clinical_coverage,0.14285714285714285,0.14285714285714285,0.0
14008,IntegratedGradients,0,0,0.9823101162910461,True,0.6,0.5428571428571428,moderate,0.09523809523809523,0.573521614074707,clinical_coverage,0.14285714285714285,0.14285714285714285,0.0
14238,SHAP,0,0,0.9998865127563477,True,0.5769230769230769,0.5769230769230769,moderate,0.0,0.5695338249206543,clinical_coverage,0.17687074829931973,0.17687074829931973,0.0
14238,GradCAM,0,0,0.9998865127563477,True,0.6153846153846154,0.6153846153846154,moderate,0.0,0.2686040997505188,clinical_coverage,0.17687074829931973,0.17687074829931973,0.0
14238,IntegratedGradients,0,0,0.9998865127563477,True,0.6666666666666666,0.6172839506172839,moderate,0.07407407407407407,0.3400686979293823,clinical_coverage,0.1836734693877551,0.17687074829931973,0.006802721088435382
15213,SHAP,0,0,0.9998641014099121,True,0.6046511627906976,0.6046511627906976,moderate,0.0,0.3180772066116333,clinical_coverage,0.14285714285714285,0.14965986394557823,0.006802721088435382
15213,GradCAM,0,0,0.9998641014099121,True,0.47619047619047616,0.47619047619047616,weak,0.0,0.19030095636844635,clinical_coverage,0.1360544217687075,0.14965986394557823,0.013605442176870736
15213,IntegratedGradients,0,0,0.9998641014099121,True,0.6190476190476191,0.5627705627705628,moderate,0.09090909090909091,0.40117475390434265,clinical_coverage,0.14965986394557823,0.14965986394557823,0.0
15544,SHAP,0,0,0.9990749359130859,True,0.7428571428571429,0.6646616541353384,moderate,0.10526315789473684,0.5603328347206116,clinical_coverage,0.1292517006802721,0.12244897959183673,0.006802721088435382
15544,GradCAM,0,0,0.9990749359130859,True,0.7777777777777778,0.7777777777777778,strong,0.0,0.2991594076156616,clinical_coverage,0.12244897959183673,0.12244897959183673,0.0
15544,IntegratedGradients,0,0,0.9990749359130859,True,0.6842105263157895,0.6842105263157895,moderate,0.0,0.5049760937690735,clinical_coverage,0.1360544217687075,0.12244897959183673,0.013605442176870763
17668,SHAP,0,0,0.9982755184173584,True,0.5714285714285714,0.5194805194805194,moderate,0.09090909090909091,0.6185980439186096,clinical_coverage,0.14965986394557823,0.14965986394557823,0.0
17668,GradCAM,0,0,0.9982755184173584,True,0.5,0.5,moderate,0.0,0.1975547820329666,clinical_coverage,0.14965986394557823,0.14965986394557823,0.0
17668,IntegratedGradients,0,0,0.9982755184173584,True,0.47619047619047616,0.43290043290043284,weak,0.09090909090909091,0.40832531452178955,clinical_coverage,0.14965986394557823,0.14965986394557823,0.0
18142,SHAP,1,1,0.9998427629470825,True,1.0,1.0,strong,0.0,0.5212752223014832,clinical_coverage,0.08843537414965986,0.08843537414965986,0.0
18142,GradCAM,1,1,0.9998427629470825,True,0.6153846153846154,0.6153846153846154,moderate,0.0,0.7759788036346436,clinical_coverage,0.08843537414965986,0.08843537414965986,0.0
18142,IntegratedGradients,1,1,0.9998427629470825,True,1.0,1.0,strong,0.0,0.5806542634963989,clinical_coverage,0.08843537414965986,0.08843537414965986,0.0
18154,SHAP,1,1,0.9919294118881226,True,0.0,0.0,minimal,0.0,0.8926836848258972,clinical_coverage,0.061224489795918366,0.047619047619047616,0.01360544217687075
18154,GradCAM,1,1,0.9919294118881226,True,0.0,0.0,minimal,0.0,0.3790408968925476,clinical_coverage,0.061224489795918366,0.047619047619047616,0.01360544217687075
18154,IntegratedGradients,1,1,0.9919294118881226,True,0.7142857142857143,0.5555555555555556,moderate,0.2222222222222222,0.9737456440925598,clinical_coverage,0.061224489795918366,0.047619047619047616,0.01360544217687075
18203,SHAP,1,1,0.9141055941581726,True,0.5652173913043478,0.5181159420289855,moderate,0.08333333333333333,0.37945809960365295,clinical_coverage,0.16326530612244897,0.16326530612244897,0.0
18203,GradCAM,1,1,0.9141055941581726,True,0.7916666666666666,0.7916666666666666,strong,0.0,0.5699533224105835,clinical_coverage,0.16326530612244897,0.16326530612244897,0.0
18203,IntegratedGradients,1,1,0.9141055941581726,True,0.5217391304347826,0.47826086956521735,weak,0.08333333333333333,0.5937730669975281,clinical_coverage,0.16326530612244897,0.16326530612244897,0.0
18206,SHAP,1,1,0.924045205116272,True,0.4126984126984127,0.38690476190476186,weak,0.0625,0.3484060764312744,clinical_coverage,0.21768707482993196,0.22448979591836735,0.006802721088435382
18206,GradCAM,1,1,0.924045205116272,True,0.40625,0.3816287878787879,weak,0.06060606060606061,0.5187215805053711,clinical_coverage,0.22448979591836735,0.22448979591836735,0.0
18206,IntegratedGradients,1,1,0.924045205116272,True,0.40625,0.3816287878787879,weak,0.06060606060606061,0.2782624363899231,clinical_coverage,0.22448979591836735,0.22448979591836735,0.0
18224,SHAP,1,0,0.8198015689849854,True,0.55,0.55,moderate,0.0,0.5520012378692627,clinical_coverage,0.1360544217687075,0.1360544217687075,0.0
18224,GradCAM,1,0,0.8198015689849854,True,0.358974358974359,0.3247863247863248,weak,0.09523809523809523,0.4093618392944336,clinical_coverage,0.14285714285714285,0.1360544217687075,0.006802721088435354
18224,IntegratedGradients,1,0,0.8198015689849854,True,0.45,0.45,weak,0.0,0.6968369483947754,clinical_coverage,0.1360544217687075,0.1360544217687075,0.0
18309,SHAP,1,0,0.6312991380691528,True,0.9230769230769231,0.9230769230769231,strong,0.0,0.8022366762161255,clinical_coverage,0.08843537414965986,0.08843537414965986,0.0
18309,GradCAM,1,0,0.6312991380691528,True,0.3076923076923077,0.3076923076923077,weak,0.0,0.5811218619346619,clinical_coverage,0.08843537414965986,0.08843537414965986,0.0
18309,IntegratedGradients,1,0,0.6312991380691528,True,1.0,1.0,strong,0.0,0.7341883182525635,clinical_coverage,0.08843537414965986,0.08843537414965986,0.0
18318,SHAP,1,1,0.9552989602088928,True,0.8,0.6222222222222222,moderate,0.2222222222222222,0.49466413259506226,clinical_coverage,0.061224489795918366,0.05442176870748299,0.006802721088435375
18318,GradCAM,1,1,0.9552989602088928,True,0.0,0.0,minimal,0.0,0.9248528480529785,clinical_coverage,0.061224489795918366,0.05442176870748299,0.006802721088435375
18318,IntegratedGradients,1,1,0.9552989602088928,True,0.8,0.6222222222222222,moderate,0.2222222222222222,0.7575517892837524,clinical_coverage,0.061224489795918366,0.05442176870748299,0.006802721088435375
18360,SHAP,1,1,0.9995161294937134,True,0.9285714285714286,0.9285714285714286,strong,0.0,0.47711309790611267,clinical_coverage,0.09523809523809523,0.09523809523809523,0.0
18360,GradCAM,1,1,0.9995161294937134,True,0.7857142857142857,0.7857142857142857,strong,0.0,0.6539347767829895,clinical_coverage,0.09523809523809523,0.09523809523809523,0.0
18360,IntegratedGradients,1,1,0.9995161294937134,True,0.9285714285714286,0.9285714285714286,strong,0.0,0.5478883385658264,clinical_coverage,0.09523809523809523,0.09523809523809523,0.0
18375,SHAP,1,1,0.8478766679763794,True,0.5833333333333334,0.5366666666666667,moderate,0.08,0.2941964864730835,clinical_coverage,0.17006802721088435,0.17006802721088435,0.0
18375,GradCAM,1,1,0.8478766679763794,True,0.92,0.92,strong,0.0,0.45425280928611755,clinical_coverage,0.17006802721088435,0.17006802721088435,0.0
18375,IntegratedGradients,1,1,0.8478766679763794,True,0.5416666666666666,0.4983333333333333,weak,0.08,0.28728625178337097,clinical_coverage,0.17006802721088435,0.17006802721088435,0.0
18392,SHAP,1,0,0.8905528783798218,True,0.4,0.36923076923076925,weak,0.07692307692307693,0.5878674983978271,clinical_coverage,0.17687074829931973,0.17687074829931973,0.0
18392,GradCAM,1,0,0.8905528783798218,True,0.4,0.36190476190476195,weak,0.09523809523809523,0.42833587527275085,clinical_coverage,0.14285714285714285,0.17687074829931973,0.03401360544217688
18392,IntegratedGradients,1,0,0.8905528783798218,True,0.4,0.36923076923076925,weak,0.07692307692307693,0.5056725144386292,clinical_coverage,0.17687074829931973,0.17687074829931973,0.0
18420,SHAP,1,1,0.9981487989425659,True,0.5416666666666666,0.4983333333333333,weak,0.08,0.4301508665084839,clinical_coverage,0.17006802721088435,0.17006802721088435,0.0
18420,GradCAM,1,1,0.9981487989425659,True,0.76,0.76,strong,0.0,0.5075077414512634,clinical_coverage,0.17006802721088435,0.17006802721088435,0.0
18420,IntegratedGradients,1,1,0.9981487989425659,True,0.5,0.46,weak,0.08,0.5105717778205872,clinical_coverage,0.17006802721088435,0.17006802721088435,0.0
18457,SHAP,1,0,0.5073066353797913,True,0.7222222222222222,0.7222222222222222,moderate,0.0,0.3013327121734619,clinical_coverage,0.12244897959183673,0.12244897959183673,0.0
18457,GradCAM,1,0,0.5073066353797913,True,0.0,0.0,minimal,0.0,0.0,clinical_coverage,0.0,0.12244897959183673,0.12244897959183673
18457,IntegratedGradients,1,0,0.5073066353797913,True,0.7222222222222222,0.7222222222222222,moderate,0.0,0.32887834310531616,clinical_coverage,0.12244897959183673,0.12244897959183673,0.0
18488,SHAP,1,1,0.9991210103034973,True,0.5416666666666666,0.4983333333333333,weak,0.08,0.44291311502456665,clinical_coverage,0.17006802721088435,0.17006802721088435,0.0
18488,GradCAM,1,1,0.9991210103034973,True,0.76,0.76,strong,0.0,0.43990570306777954,clinical_coverage,0.17006802721088435,0.17006802721088435,0.0
18488,IntegratedGradients,1,1,0.9991210103034973,True,0.4166666666666667,0.38333333333333336,weak,0.08,0.3544429540634155,clinical_coverage,0.17006802721088435,0.17006802721088435,0.0
18496,SHAP,1,1,0.9990112781524658,True,0.631578947368421,0.5684210526315789,moderate,0.1,0.6060687899589539,clinical_coverage,0.1360544217687075,0.1360544217687075,0.0
18496,GradCAM,1,1,0.9990112781524658,True,0.6666666666666666,0.6666666666666666,moderate,0.0,0.5087566375732422,clinical_coverage,0.1292517006802721,0.1360544217687075,0.006802721088435382
18496,IntegratedGradients,1,1,0.9990112781524658,True,0.47368421052631576,0.4263157894736842,weak,0.1,0.5270068645477295,clinical_coverage,0.1360544217687075,0.1360544217687075,0.0
18526,SHAP,1,1,0.9665729403495789,True,0.875,0.6805555555555556,moderate,0.2222222222222222,0.6250274777412415,clinical_coverage,0.061224489795918366,0.061224489795918366,0.0
18526,GradCAM,1,1,0.9665729403495789,True,0.4444444444444444,0.3636363636363636,weak,0.18181818181818182,0.42380291223526,clinical_coverage,0.07482993197278912,0.061224489795918366,0.01360544217687075
18526,IntegratedGradients,1,1,0.9665729403495789,True,0.875,0.6805555555555556,moderate,0.2222222222222222,0.8150883316993713,clinical_coverage,0.061224489795918366,0.061224489795918366,0.0
18531,SHAP,1,0,0.5341804027557373,True,0.3076923076923077,0.23076923076923078,minimal,0.25,0.19152823090553284,clinical_coverage,0.10884353741496598,0.09523809523809523,0.01360544217687075
18531,GradCAM,1,0,0.5341804027557373,True,0.9230769230769231,0.7912087912087913,strong,0.14285714285714285,0.2786058783531189,clinical_coverage,0.09523809523809523,0.09523809523809523,0.0
18531,IntegratedGradients,1,0,0.5341804027557373,True,0.64,0.4693333333333334,weak,0.26666666666666666,0.18045532703399658,clinical_coverage,0.10204081632653061,0.09523809523809523,0.006802721088435382
18534,SHAP,1,1,0.9198663234710693,True,0.8888888888888888,0.7111111111111111,moderate,0.2,0.5264280438423157,clinical_coverage,0.06802721088435375,0.06802721088435375,0.0
18534,GradCAM,1,1,0.9198663234710693,True,0.75,0.5625,moderate,0.25,0.32799577713012695,clinical_coverage,0.05442176870748299,0.06802721088435375,0.013605442176870756
18534,IntegratedGradients,1,1,0.9198663234710693,True,0.8888888888888888,0.7111111111111111,moderate,0.2,0.7017243504524231,clinical_coverage,0.06802721088435375,0.06802721088435375,0.0
18543,SHAP,1,1,0.9989866614341736,True,0.5,0.46296296296296297,weak,0.07407407407407407,0.6110906004905701,clinical_coverage,0.1836734693877551,0.1836734693877551,0.0
18543,GradCAM,1,1,0.9989866614341736,True,0.7777777777777778,0.7777777777777778,strong,0.0,0.5837217569351196,clinical_coverage,0.1836734693877551,0.1836734693877551,0.0
18543,IntegratedGradients,1,1,0.9989866614341736,True,0.4230769230769231,0.39173789173789175,weak,0.07407407407407407,0.34223827719688416,clinical_coverage,0.1836734693877551,0.1836734693877551,0.0
18604,SHAP,1,0,0.9968484044075012,True,0.7222222222222222,0.7222222222222222,moderate,0.0,0.32567429542541504,clinical_coverage,0.12244897959183673,0.12244897959183673,0.0
18604,GradCAM,1,0,0.9968484044075012,True,0.7222222222222222,0.7222222222222222,moderate,0.0,0.4214630126953125,clinical_coverage,0.12244897959183673,0.12244897959183673,0.0
18604,IntegratedGradients,1,0,0.9968484044075012,True,0.6470588235294118,0.5751633986928104,moderate,0.1111111111111111,0.7347797751426697,clinical_coverage,0.12244897959183673,0.12244897959183673,0.0
18645,SHAP,1,0,0.9810545444488525,True,0.8,0.7058823529411765,moderate,0.11764705882352941,0.46294140815734863,clinical_coverage,0.11564625850340136,0.10204081632653061,0.01360544217687075
18645,GradCAM,1,0,0.9810545444488525,True,0.0,0.0,minimal,0.0,0.0,clinical_coverage,0.0,0.10204081632653061,0.10204081632653061
18645,IntegratedGradients,1,0,0.9810545444488525,True,0.0,0.0,minimal,0.14285714285714285,0.44392022490501404,clinical_coverage,0.09523809523809523,0.10204081632653061,0.006802721088435382
18813,SHAP,2,2,0.9999986886978149,True,1.0,1.0,strong,0.0,0.2627975642681122,clinical_coverage,0.14285714285714285,0.14285714285714285,0.0
18813,GradCAM,2,2,0.9999986886978149,True,0.38095238095238093,0.38095238095238093,weak,0.0,0.9366515278816223,clinical_coverage,0.14285714285714285,0.14285714285714285,0.0
18813,IntegratedGradients,2,2,0.9999986886978149,True,1.0,1.0,strong,0.0,0.21379396319389343,clinical_coverage,0.14285714285714285,0.14285714285714285,0.0
18904,SHAP,2,2,0.9999996423721313,True,0.9523809523809523,0.9523809523809523,strong,0.0,0.20396150648593903,clinical_coverage,0.14285714285714285,0.14285714285714285,0.0
18904,GradCAM,2,2,0.9999996423721313,True,0.7142857142857143,0.7142857142857143,moderate,0.0,0.5216930508613586,clinical_coverage,0.14285714285714285,0.14285714285714285,0.0
18904,IntegratedGradients,2,2,0.9999996423721313,True,0.95,0.95,strong,0.0,0.2608122229576111,clinical_coverage,0.1292517006802721,0.14285714285714285,0.013605442176870736
19020,SHAP,2,2,1.0,True,1.0,1.0,strong,0.0,0.4280518591403961,clinical_coverage,0.11564625850340136,0.11564625850340136,0.0
19020,GradCAM,2,2,1.0,True,0.0,0.0,minimal,0.0,0.0,clinical_coverage,0.0,0.11564625850340136,0.11564625850340136
19020,IntegratedGradients,2,2,1.0,True,0.8,0.8,strong,0.0,0.5621203184127808,clinical_coverage,0.12244897959183673,0.11564625850340136,0.006802721088435368
19090,SHAP,2,2,0.9999998807907104,True,1.0,1.0,strong,0.0,0.29323914647102356,clinical_coverage,0.14285714285714285,0.14285714285714285,0.0
19090,GradCAM,2,2,0.9999998807907104,True,0.65,0.65,moderate,0.0,0.4954504370689392,clinical_coverage,0.1292517006802721,0.14285714285714285,0.013605442176870736
19090,IntegratedGradients,2,2,0.9999998807907104,True,0.7906976744186046,0.7906976744186046,strong,0.0,0.39804980158805847,clinical_coverage,0.14965986394557823,0.14285714285714285,0.006802721088435382
19123,SHAP,2,2,1.0,True,0.95,0.95,strong,0.0,0.3195032477378845,clinical_coverage,0.1292517006802721,0.14285714285714285,0.013605442176870736
19123,GradCAM,2,2,1.0,True,0.0,0.0,minimal,0.0,0.0,clinical_coverage,0.0,0.14285714285714285,0.14285714285714285
19123,IntegratedGradients,2,2,1.0,True,0.95,0.95,strong,0.0,0.29047977924346924,clinical_coverage,0.1292517006802721,0.14285714285714285,0.013605442176870736
19233,SHAP,2,2,0.9999947547912598,True,0.7317073170731707,0.7317073170731707,moderate,0.0,0.47233670949935913,clinical_coverage,0.1360544217687075,0.14285714285714285,0.006802721088435354
19233,GradCAM,2,2,0.9999947547912598,True,0.75,0.75,strong,0.0,0.5735067129135132,clinical_coverage,0.1292517006802721,0.14285714285714285,0.013605442176870736
19233,IntegratedGradients,2,2,0.9999947547912598,True,0.7142857142857143,0.7142857142857143,moderate,0.0,0.5673434734344482,clinical_coverage,0.14285714285714285,0.14285714285714285,0.0
19300,SHAP,2,2,0.9999994039535522,True,0.9047619047619048,0.9047619047619048,strong,0.0,0.49308261275291443,clinical_coverage,0.14285714285714285,0.14285714285714285,0.0
19300,GradCAM,2,2,0.9999994039535522,True,0.6666666666666666,0.6666666666666666,moderate,0.0,0.6295520663261414,clinical_coverage,0.14285714285714285,0.14285714285714285,0.0
19300,IntegratedGradients,2,2,0.9999994039535522,True,0.9523809523809523,0.9523809523809523,strong,0.0,0.3728483319282532,clinical_coverage,0.14285714285714285,0.14285714285714285,0.0
19301,SHAP,2,2,0.9999990463256836,True,0.8571428571428571,0.782608695652174,strong,0.08695652173913043,0.45936062932014465,clinical_coverage,0.1564625850340136,0.14285714285714285,0.013605442176870763
19301,GradCAM,2,2,0.9999990463256836,True,0.0,0.0,minimal,0.09523809523809523,0.6236306428909302,clinical_coverage,0.14285714285714285,0.14285714285714285,0.0
19301,IntegratedGradients,2,2,0.9999990463256836,True,0.4,0.36190476190476195,weak,0.09523809523809523,0.7431020140647888,clinical_coverage,0.14285714285714285,0.14285714285714285,0.0
19480,SHAP,2,2,1.0,True,0.8,0.8,strong,0.0,0.42546048760414124,clinical_coverage,0.17006802721088435,0.17006802721088435,0.0
19480,GradCAM,2,2,1.0,True,0.0,0.0,minimal,0.0,0.0,clinical_coverage,0.0,0.17006802721088435,0.17006802721088435
19480,IntegratedGradients,2,2,1.0,True,0.8627450980392157,0.8627450980392157,strong,0.0,0.3389132618904114,clinical_coverage,0.17687074829931973,0.17006802721088435,0.006802721088435382
19577,SHAP,2,2,1.0,True,0.975609756097561,0.975609756097561,strong,0.0,0.274483323097229,clinical_coverage,0.1360544217687075,0.14285714285714285,0.006802721088435354
19577,GradCAM,2,2,1.0,True,0.0,0.0,minimal,0.0,0.0,clinical_coverage,0.0,0.14285714285714285,0.14285714285714285
19577,IntegratedGradients,2,2,1.0,True,0.9523809523809523,0.9523809523809523,strong,0.0,0.19873866438865662,clinical_coverage,0.14285714285714285,0.14285714285714285,0.0
19631,SHAP,2,2,0.9999951124191284,True,0.8181818181818182,0.8181818181818182,strong,0.0,0.4705807566642761,clinical_coverage,0.1564625850340136,0.14285714285714285,0.013605442176870763
19631,GradCAM,2,2,0.9999951124191284,True,0.65,0.5880952380952381,moderate,0.09523809523809523,0.5987206697463989,clinical_coverage,0.14285714285714285,0.14285714285714285,0.0
19631,IntegratedGradients,2,2,0.9999951124191284,True,0.8181818181818182,0.8181818181818182,strong,0.0,0.44394421577453613,clinical_coverage,0.1564625850340136,0.14285714285714285,0.013605442176870763
19662,SHAP,2,2,1.0,True,0.6086956521739131,0.5579710144927537,moderate,0.08333333333333333,0.6146708130836487,clinical_coverage,0.16326530612244897,0.16326530612244897,0.0
19662,GradCAM,2,2,1.0,True,0.0,0.0,minimal,0.0,0.0,clinical_coverage,0.0,0.16326530612244897,0.16326530612244897
19662,IntegratedGradients,2,2,1.0,True,0.43478260869565216,0.39855072463768115,weak,0.08333333333333333,0.48517516255378723,clinical_coverage,0.16326530612244897,0.16326530612244897,0.0
19679,SHAP,2,2,0.9999998807907104,True,0.4,0.2545454545454546,weak,0.36363636363636365,0.8123612999916077,clinical_coverage,0.07482993197278912,0.05442176870748299,0.020408163265306124
19679,GradCAM,2,2,0.9999998807907104,True,0.0,0.0,minimal,0.0,0.0,clinical_coverage,0.0,0.05442176870748299,0.05442176870748299
19679,IntegratedGradients,2,2,0.9999998807907104,True,0.7692307692307693,0.5494505494505495,moderate,0.2857142857142857,0.3704780042171478,clinical_coverage,0.047619047619047616,0.05442176870748299,0.006802721088435375
19778,SHAP,2,2,0.9999970197677612,True,0.7619047619047619,0.7619047619047619,strong,0.0,0.4583139419555664,clinical_coverage,0.14285714285714285,0.14285714285714285,0.0
19778,GradCAM,2,2,0.9999970197677612,True,0.8571428571428571,0.8571428571428571,strong,0.0,0.49841803312301636,clinical_coverage,0.14285714285714285,0.14285714285714285,0.0
19778,IntegratedGradients,2,2,0.9999970197677612,True,0.6190476190476191,0.6190476190476191,moderate,0.0,0.6368821859359741,clinical_coverage,0.14285714285714285,0.14285714285714285,0.0
19834,SHAP,2,2,0.9999994039535522,True,0.45,0.40714285714285714,weak,0.09523809523809523,0.6099716424942017,clinical_coverage,0.14285714285714285,0.14285714285714285,0.0
19834,GradCAM,2,2,0.9999994039535522,True,0.5714285714285714,0.5714285714285714,moderate,0.0,0.633231520652771,clinical_coverage,0.14285714285714285,0.14285714285714285,0.0
19834,IntegratedGradients,2,2,0.9999994039535522,True,0.55,0.4976190476190477,weak,0.09523809523809523,0.8162685632705688,clinical_coverage,0.14285714285714285,0.14285714285714285,0.0
19868,SHAP,2,2,0.9999994039535522,True,0.975609756097561,0.975609756097561,strong,0.0,0.24034911394119263,clinical_coverage,0.1360544217687075,0.14285714285714285,0.006802721088435354
19868,GradCAM,2,2,0.9999994039535522,True,0.7142857142857143,0.7142857142857143,moderate,0.0,0.6698716282844543,clinical_coverage,0.14285714285714285,0.14285714285714285,0.0
19868,IntegratedGradients,2,2,0.9999994039535522,True,0.8292682926829268,0.7538802660753879,strong,0.09090909090909091,0.34060415625572205,clinical_coverage,0.14965986394557823,0.14285714285714285,0.006802721088435382
19872,SHAP,2,2,1.0,True,0.7567567567567568,0.7567567567567568,strong,0.0,0.5994589328765869,clinical_coverage,0.1292517006802721,0.12244897959183673,0.006802721088435382
19872,GradCAM,2,2,1.0,True,0.0,0.0,minimal,0.0,0.0,clinical_coverage,0.0,0.12244897959183673,0.12244897959183673
19872,IntegratedGradients,2,2,1.0,True,0.0,0.0,minimal,0.1111111111111111,0.6575500965118408,clinical_coverage,0.12244897959183673,0.12244897959183673,0.0
19888,SHAP,2,2,0.9999959468841553,True,0.47619047619047616,0.47619047619047616,weak,0.0,0.897381067276001,clinical_coverage,0.14285714285714285,0.14285714285714285,0.0
19888,GradCAM,2,2,0.9999959468841553,True,0.8571428571428571,0.8571428571428571,strong,0.0,0.3010968565940857,clinical_coverage,0.14285714285714285,0.14285714285714285,0.0
19888,IntegratedGradients,2,2,0.9999959468841553,True,0.9047619047619048,0.9047619047619048,strong,0.0,0.33950966596603394,clinical_coverage,0.14285714285714285,0.14285714285714285,0.0
19971,SHAP,2,2,0.999996542930603,True,0.9523809523809523,0.9523809523809523,strong,0.0,0.3469599187374115,clinical_coverage,0.14285714285714285,0.14285714285714285,0.0
19971,GradCAM,2,2,0.999996542930603,True,0.8571428571428571,0.8571428571428571,strong,0.0,0.39005452394485474,clinical_coverage,0.14285714285714285,0.14285714285714285,0.0
19971,IntegratedGradients,2,2,0.999996542930603,True,0.975609756097561,0.975609756097561,strong,0.0,0.4520031809806824,clinical_coverage,0.1360544217687075,0.14285714285714285,0.006802721088435354
20019,SHAP,2,2,0.9999997615814209,True,0.95,0.95,strong,0.0,0.3193713426589966,clinical_coverage,0.1292517006802721,0.14285714285714285,0.013605442176870736
20019,GradCAM,2,2,0.9999997615814209,True,0.5714285714285714,0.5714285714285714,moderate,0.0,0.7476504445075989,clinical_coverage,0.14285714285714285,0.14285714285714285,0.0
20019,IntegratedGradients,2,2,0.9999997615814209,True,0.9523809523809523,0.9523809523809523,strong,0.0,0.284962922334671,clinical_coverage,0.14285714285714285,0.14285714285714285,0.0
20134,SHAP,3,3,0.9997798800468445,True,0.9411764705882353,0.9411764705882353,strong,0.0,0.5685513019561768,clinical_coverage,0.11564625850340136,0.11564625850340136,0.0
20134,GradCAM,3,3,0.9997798800468445,True,0.2727272727272727,0.2727272727272727,weak,0.0,0.9854323267936707,clinical_coverage,0.034013605442176874,0.11564625850340136,0.0816326530612245
20134,IntegratedGradients,3,3,0.9997798800468445,True,0.9411764705882353,0.9411764705882353,strong,0.0,0.2723935842514038,clinical_coverage,0.11564625850340136,0.11564625850340136,0.0
20136,SHAP,3,3,0.9186018705368042,True,0.6666666666666666,0.6666666666666666,moderate,0.0,0.3047749102115631,clinical_coverage,0.16326530612244897,0.16326530612244897,0.0
20136,GradCAM,3,3,0.9186018705368042,True,0.4583333333333333,0.4583333333333333,weak,0.0,0.35286661982536316,clinical_coverage,0.16326530612244897,0.16326530612244897,0.0
20136,IntegratedGradients,3,3,0.9186018705368042,True,0.75,0.6923076923076923,moderate,0.07692307692307693,0.3027978241443634,clinical_coverage,0.17687074829931973,0.16326530612244897,0.013605442176870763
20138,SHAP,3,3,0.9999055862426758,True,0.8823529411764706,0.8823529411764706,strong,0.0,0.5557818412780762,clinical_coverage,0.11564625850340136,0.11564625850340136,0.0
20138,GradCAM,3,3,0.9999055862426758,True,0.0,0.0,minimal,0.0,1.0,clinical_coverage,0.4013605442176871,0.11564625850340136,0.2857142857142857
20138,IntegratedGradients,3,3,0.9999055862426758,True,1.0,1.0,strong,0.0,0.2933339476585388,clinical_coverage,0.11564625850340136,0.11564625850340136,0.0
20141,SHAP,3,3,0.9999797344207764,True,0.9411764705882353,0.9411764705882353,strong,0.0,0.36343950033187866,clinical_coverage,0.11564625850340136,0.11564625850340136,0.0
20141,GradCAM,3,3,0.9999797344207764,True,0.0,0.0,minimal,0.0,0.8924170732498169,clinical_coverage,0.05442176870748299,0.11564625850340136,0.06122448979591837
20141,IntegratedGradients,3,3,0.9999797344207764,True,1.0,1.0,strong,0.0,0.3207583725452423,clinical_coverage,0.11564625850340136,0.11564625850340136,0.0
20157,SHAP,3,3,0.9984003901481628,True,0.92,0.92,strong,0.0,0.4067980647087097,clinical_coverage,0.17006802721088435,0.17006802721088435,0.0
20157,GradCAM,3,3,0.9984003901481628,True,0.48,0.48,weak,0.0,0.6061526536941528,clinical_coverage,0.17006802721088435,0.17006802721088435,0.0
20157,IntegratedGradients,3,3,0.9984003901481628,True,0.88,0.8148148148148148,strong,0.07407407407407407,0.30186033248901367,clinical_coverage,0.1836734693877551,0.17006802721088435,0.013605442176870763
20170,SHAP,3,3,0.9791825413703918,True,0.9411764705882353,0.9411764705882353,strong,0.0,0.40099701285362244,clinical_coverage,0.11564625850340136,0.11564625850340136,0.0
20170,GradCAM,3,3,0.9791825413703918,True,0.6060606060606061,0.6060606060606061,moderate,0.0,0.3107941746711731,clinical_coverage,0.10884353741496598,0.11564625850340136,0.006802721088435382
20170,IntegratedGradients,3,3,0.9791825413703918,True,0.75,0.6617647058823529,moderate,0.11764705882352941,0.5504837036132812,clinical_coverage,0.11564625850340136,0.11564625850340136,0.0
20186,SHAP,3,4,0.8508793115615845,True,0.8484848484848485,0.7985739750445633,strong,0.058823529411764705,0.5595241189002991,clinical_coverage,0.11564625850340136,0.11564625850340136,0.0
20186,GradCAM,3,4,0.8508793115615845,True,0.0,0.0,minimal,0.0,0.0,clinical_coverage,0.0,0.11564625850340136,0.11564625850340136
20186,IntegratedGradients,3,4,0.8508793115615845,True,0.6470588235294118,0.6470588235294118,moderate,0.0,0.7799717783927917,clinical_coverage,0.11564625850340136,0.11564625850340136,0.0
20192,SHAP,3,3,0.9998345375061035,True,0.9411764705882353,0.9411764705882353,strong,0.0,0.5539759993553162,clinical_coverage,0.11564625850340136,0.11564625850340136,0.0
20192,GradCAM,3,3,0.9998345375061035,True,0.0,0.0,minimal,0.0,0.9999998807907104,clinical_coverage,0.04081632653061224,0.11564625850340136,0.07482993197278912
20192,IntegratedGradients,3,3,0.9998345375061035,True,1.0,1.0,strong,0.0,0.3837704062461853,clinical_coverage,0.11564625850340136,0.11564625850340136,0.0
20207,SHAP,3,3,0.964363694190979,True,0.6666666666666666,0.6133333333333333,moderate,0.08,0.41899964213371277,clinical_coverage,0.17006802721088435,0.17006802721088435,0.0
20207,GradCAM,3,3,0.964363694190979,True,0.56,0.56,moderate,0.0,0.7276844382286072,clinical_coverage,0.17006802721088435,0.17006802721088435,0.0
20207,IntegratedGradients,3,3,0.964363694190979,True,0.7083333333333334,0.6516666666666667,moderate,0.08,0.271524578332901,clinical_coverage,0.17006802721088435,0.17006802721088435,0.0
20208,SHAP,3,3,0.9096708297729492,True,0.7906976744186046,0.7906976744186046,strong,0.0,0.326230525970459,clinical_coverage,0.14965986394557823,0.14285714285714285,0.006802721088435382
20208,GradCAM,3,3,0.9096708297729492,True,0.2857142857142857,0.2857142857142857,weak,0.0,0.4579184055328369,clinical_coverage,0.14285714285714285,0.14285714285714285,0.0
20208,IntegratedGradients,3,3,0.9096708297729492,True,0.85,0.85,strong,0.0,0.14900058507919312,clinical_coverage,0.1292517006802721,0.14285714285714285,0.013605442176870736
20210,SHAP,3,3,0.9889909029006958,True,0.85,0.85,strong,0.0,0.28621479868888855,clinical_coverage,0.1360544217687075,0.1360544217687075,0.0
20210,GradCAM,3,3,0.9889909029006958,True,0.8,0.8,strong,0.0,0.4788655936717987,clinical_coverage,0.1360544217687075,0.1360544217687075,0.0
20210,IntegratedGradients,3,3,0.9889909029006958,True,0.8421052631578947,0.7578947368421053,strong,0.1,0.31078869104385376,clinical_coverage,0.1360544217687075,0.1360544217687075,0.0
20218,SHAP,3,3,0.9843429327011108,True,0.8823529411764706,0.8823529411764706,strong,0.0,0.545012891292572,clinical_coverage,0.11564625850340136,0.11564625850340136,0.0
20218,GradCAM,3,3,0.9843429327011108,True,0.42857142857142855,0.42857142857142855,weak,0.0,0.7797954678535461,clinical_coverage,0.07482993197278912,0.11564625850340136,0.04081632653061225
20218,IntegratedGradients,3,3,0.9843429327011108,True,0.9411764705882353,0.9411764705882353,strong,0.0,0.3047581911087036,clinical_coverage,0.11564625850340136,0.11564625850340136,0.0
20219,SHAP,3,3,0.7861872911453247,True,0.9411764705882353,0.9411764705882353,strong,0.0,0.5034144520759583,clinical_coverage,0.10884353741496598,0.12244897959183673,0.01360544217687075
20219,GradCAM,3,3,0.7861872911453247,True,0.6470588235294118,0.6470588235294118,moderate,0.0,0.3304983973503113,clinical_coverage,0.10884353741496598,0.12244897959183673,0.01360544217687075
20219,IntegratedGradients,3,3,0.7861872911453247,True,0.7058823529411765,0.6274509803921569,moderate,0.1111111111111111,0.5122160315513611,clinical_coverage,0.12244897959183673,0.12244897959183673,0.0
20220,SHAP,3,3,0.9796762466430664,True,0.7317073170731707,0.7317073170731707,moderate,0.0,0.3601329028606415,clinical_coverage,0.14285714285714285,0.1360544217687075,0.006802721088435354
20220,GradCAM,3,3,0.9796762466430664,True,0.631578947368421,0.631578947368421,moderate,0.0,0.24015989899635315,clinical_coverage,0.12244897959183673,0.1360544217687075,0.013605442176870763
20220,IntegratedGradients,3,3,0.9796762466430664,True,0.7368421052631579,0.6631578947368421,moderate,0.1,0.42156246304512024,clinical_coverage,0.1360544217687075,0.1360544217687075,0.0
20239,SHAP,3,3,0.9992585778236389,True,1.0,1.0,strong,0.0,0.4210280478000641,clinical_coverage,0.11564625850340136,0.11564625850340136,0.0
20239,GradCAM,3,3,0.9992585778236389,True,0.0,0.0,minimal,0.0,0.7867498993873596,clinical_coverage,0.3877551020408163,0.11564625850340136,0.27210884353741494
20239,IntegratedGradients,3,3,0.9992585778236389,True,0.9411764705882353,0.9411764705882353,strong,0.0,0.3349806070327759,clinical_coverage,0.11564625850340136,0.11564625850340136,0.0
20249,SHAP,3,3,0.9975720047950745,True,0.8947368421052632,0.8947368421052632,strong,0.0,0.29116782546043396,clinical_coverage,0.12244897959183673,0.1360544217687075,0.013605442176870763
20249,GradCAM,3,3,0.9975720047950745,True,0.75,0.75,strong,0.0,0.7317436933517456,clinical_coverage,0.1360544217687075,0.1360544217687075,0.0
20249,IntegratedGradients,3,3,0.9975720047950745,True,0.85,0.85,strong,0.0,0.2510004937648773,clinical_coverage,0.1360544217687075,0.1360544217687075,0.0
20250,SHAP,3,3,0.9869677424430847,True,0.9,0.9,strong,0.0,0.38567468523979187,clinical_coverage,0.1360544217687075,0.1360544217687075,0.0
20250,GradCAM,3,3,0.9869677424430847,True,0.0,0.0,minimal,0.0,1.0,clinical_coverage,0.36054421768707484,0.1360544217687075,0.22448979591836735
20250,IntegratedGradients,3,3,0.9869677424430847,True,0.85,0.85,strong,0.0,0.22145557403564453,clinical_coverage,0.1360544217687075,0.1360544217687075,0.0
20276,SHAP,3,3,0.9978680610656738,True,0.9696969696969697,0.9696969696969697,strong,0.0,0.4016318619251251,clinical_coverage,0.10884353741496598,0.11564625850340136,0.006802721088435382
20276,GradCAM,3,3,0.9978680610656738,True,0.5333333333333333,0.5333333333333333,moderate,0.0,0.5105147361755371,clinical_coverage,0.08843537414965986,0.11564625850340136,0.0272108843537415
20276,IntegratedGradients,3,3,0.9978680610656738,True,0.8235294117647058,0.7368421052631579,moderate,0.10526315789473684,0.3972206115722656,clinical_coverage,0.1292517006802721,0.11564625850340136,0.01360544217687075
20277,SHAP,3,1,0.749553918838501,True,0.7894736842105263,0.7894736842105263,strong,0.0,0.2983487844467163,clinical_coverage,0.1292517006802721,0.1292517006802721,0.0
20277,GradCAM,3,1,0.749553918838501,True,0.6486486486486487,0.6486486486486487,moderate,0.0,0.40314480662345886,clinical_coverage,0.12244897959183673,0.1292517006802721,0.006802721088435382
20277,IntegratedGradients,3,1,0.749553918838501,True,0.7894736842105263,0.7894736842105263,strong,0.0,0.28126245737075806,clinical_coverage,0.1292517006802721,0.1292517006802721,0.0
20280,SHAP,3,3,0.8306187391281128,True,0.8888888888888888,0.8888888888888888,strong,0.0,0.4215901494026184,clinical_coverage,0.11564625850340136,0.1292517006802721,0.01360544217687075
20280,GradCAM,3,3,0.8306187391281128,True,0.55,0.55,moderate,0.0,0.38512033224105835,clinical_coverage,0.14285714285714285,0.1292517006802721,0.013605442176870736
20280,IntegratedGradients,3,3,0.8306187391281128,True,0.8571428571428571,0.7619047619047619,strong,0.1111111111111111,0.5494092106819153,clinical_coverage,0.12244897959183673,0.1292517006802721,0.006802721088435382
20320,SHAP,4,4,0.9944962859153748,True,0.72,0.72,moderate,0.0,0.27784067392349243,clinical_coverage,0.17006802721088435,0.17006802721088435,0.0
20320,GradCAM,4,4,0.9944962859153748,True,0.64,0.64,moderate,0.0,0.6639865040779114,clinical_coverage,0.17006802721088435,0.17006802721088435,0.0
20320,IntegratedGradients,4,4,0.9944962859153748,True,0.76,0.76,strong,0.0,0.3495766520500183,clinical_coverage,0.17006802721088435,0.17006802721088435,0.0
20428,SHAP,4,4,0.9999886751174927,True,0.64,0.64,moderate,0.0,0.38615497946739197,clinical_coverage,0.17006802721088435,0.17006802721088435,0.0
20428,GradCAM,4,4,0.9999886751174927,True,0.56,0.56,moderate,0.0,0.5796805620193481,clinical_coverage,0.17006802721088435,0.17006802721088435,0.0
20428,IntegratedGradients,4,4,0.9999886751174927,True,0.68,0.68,moderate,0.0,0.46009930968284607,clinical_coverage,0.17006802721088435,0.17006802721088435,0.0
20454,SHAP,4,4,0.999994158744812,True,0.6,0.6,moderate,0.0,0.41853952407836914,clinical_coverage,0.17006802721088435,0.17006802721088435,0.0
20454,GradCAM,4,4,0.999994158744812,True,0.52,0.52,moderate,0.0,0.6074560284614563,clinical_coverage,0.17006802721088435,0.17006802721088435,0.0
20454,IntegratedGradients,4,4,0.999994158744812,True,0.56,0.56,moderate,0.0,0.6951838135719299,clinical_coverage,0.17006802721088435,0.17006802721088435,0.0
20484,SHAP,4,4,0.9999998807907104,True,0.6,0.6,moderate,0.0,0.47326579689979553,clinical_coverage,0.17006802721088435,0.17006802721088435,0.0
20484,GradCAM,4,4,0.9999998807907104,True,0.0,0.0,minimal,0.0,0.0,clinical_coverage,0.0,0.17006802721088435,0.17006802721088435
20484,IntegratedGradients,4,4,0.9999998807907104,True,0.48,0.48,weak,0.0,0.7201706767082214,clinical_coverage,0.17006802721088435,0.17006802721088435,0.0
20551,SHAP,4,4,0.9999998807907104,True,0.72,0.72,moderate,0.0,0.24994048476219177,clinical_coverage,0.17006802721088435,0.17006802721088435,0.0
20551,GradCAM,4,4,0.9999998807907104,True,0.0,0.0,minimal,0.0,0.0,clinical_coverage,0.0,0.17006802721088435,0.17006802721088435
20551,IntegratedGradients,4,4,0.9999998807907104,True,0.72,0.72,moderate,0.0,0.42246758937835693,clinical_coverage,0.17006802721088435,0.17006802721088435,0.0
20797,SHAP,4,4,0.9999997615814209,True,0.875,0.875,strong,0.0,0.12067203223705292,clinical_coverage,0.16326530612244897,0.16326530612244897,0.0
20797,GradCAM,4,4,0.9999997615814209,True,0.4583333333333333,0.4583333333333333,weak,0.0,0.5228630304336548,clinical_coverage,0.16326530612244897,0.16326530612244897,0.0
20797,IntegratedGradients,4,4,0.9999997615814209,True,0.7916666666666666,0.7916666666666666,strong,0.0,0.2102838009595871,clinical_coverage,0.16326530612244897,0.16326530612244897,0.0
20819,SHAP,4,4,0.9999998807907104,True,0.8260869565217391,0.8260869565217391,strong,0.0,0.11947181075811386,clinical_coverage,0.1564625850340136,0.1564625850340136,0.0
20819,GradCAM,4,4,0.9999998807907104,True,0.0,0.0,minimal,0.0,0.0,clinical_coverage,0.0,0.1564625850340136,0.1564625850340136
20819,IntegratedGradients,4,4,0.9999998807907104,True,0.8260869565217391,0.8260869565217391,strong,0.0,0.15016506612300873,clinical_coverage,0.1564625850340136,0.1564625850340136,0.0
20932,SHAP,4,4,0.9999996423721313,True,0.75,0.75,strong,0.0,0.26305776834487915,clinical_coverage,0.17006802721088435,0.1564625850340136,0.013605442176870736
20932,GradCAM,4,4,0.9999996423721313,True,0.0,0.0,minimal,0.0,0.0,clinical_coverage,0.0,0.1564625850340136,0.1564625850340136
20932,IntegratedGradients,4,4,0.9999996423721313,True,0.7391304347826086,0.7391304347826086,moderate,0.0,0.47829824686050415,clinical_coverage,0.1564625850340136,0.1564625850340136,0.0
20936,SHAP,4,4,0.9999997615814209,True,0.8260869565217391,0.8260869565217391,strong,0.0,0.18716976046562195,clinical_coverage,0.1564625850340136,0.1564625850340136,0.0
20936,GradCAM,4,4,0.9999997615814209,True,0.0,0.0,minimal,0.0,0.0,clinical_coverage,0.0,0.1564625850340136,0.1564625850340136
20936,IntegratedGradients,4,4,0.9999997615814209,True,0.8260869565217391,0.8260869565217391,strong,0.0,0.14723722636699677,clinical_coverage,0.1564625850340136,0.1564625850340136,0.0
20951,SHAP,4,4,0.9999992847442627,True,0.875,0.875,strong,0.0,0.08697035908699036,clinical_coverage,0.16326530612244897,0.16326530612244897,0.0
20951,GradCAM,4,4,0.9999992847442627,True,0.8292682926829268,0.8292682926829268,strong,0.0,0.25538572669029236,clinical_coverage,0.11564625850340136,0.16326530612244897,0.0476190476190476
20951,IntegratedGradients,4,4,0.9999992847442627,True,0.7916666666666666,0.7916666666666666,strong,0.0,0.13204900920391083,clinical_coverage,0.16326530612244897,0.16326530612244897,0.0
21026,SHAP,4,4,1.0,True,0.8260869565217391,0.8260869565217391,strong,0.0,0.15636561810970306,clinical_coverage,0.14965986394557823,0.16326530612244897,0.013605442176870736
21026,GradCAM,4,4,1.0,True,0.0,0.0,minimal,0.0,0.0,clinical_coverage,0.0,0.16326530612244897,0.16326530612244897
21026,IntegratedGradients,4,4,1.0,True,0.7916666666666666,0.7916666666666666,strong,0.0,0.21359914541244507,clinical_coverage,0.16326530612244897,0.16326530612244897,0.0
21087,SHAP,4,4,0.9999992847442627,True,0.5517241379310345,0.5517241379310345,moderate,0.0,0.3551115095615387,clinical_coverage,0.19727891156462585,0.19727891156462585,0.0
21087,GradCAM,4,4,0.9999992847442627,True,0.2413793103448276,0.2413793103448276,minimal,0.0,0.709648609161377,clinical_coverage,0.19727891156462585,0.19727891156462585,0.0
21087,IntegratedGradients,4,4,0.9999992847442627,True,0.49122807017543857,0.47428917120387176,weak,0.034482758620689655,0.6197828054428101,clinical_coverage,0.19727891156462585,0.19727891156462585,0.0
21169,SHAP,4,4,0.9999998807907104,True,0.7307692307692307,0.7307692307692307,moderate,0.0,0.13531988859176636,clinical_coverage,0.1836734693877551,0.17006802721088435,0.013605442176870763
21169,GradCAM,4,4,0.9999998807907104,True,0.0,0.0,minimal,0.0,0.0,clinical_coverage,0.0,0.17006802721088435,0.17006802721088435
21169,IntegratedGradients,4,4,0.9999998807907104,True,0.76,0.76,strong,0.0,0.12719078361988068,clinical_coverage,0.17006802721088435,0.17006802721088435,0.0
21342,SHAP,4,4,1.0,True,0.8695652173913043,0.8695652173913043,strong,0.0,0.16203363239765167,clinical_coverage,0.14965986394557823,0.16326530612244897,0.013605442176870736
21342,GradCAM,4,4,1.0,True,0.0,0.0,minimal,0.0,0.0,clinical_coverage,0.0,0.16326530612244897,0.16326530612244897
21342,IntegratedGradients,4,4,1.0,True,0.7916666666666666,0.7916666666666666,strong,0.0,0.1854327768087387,clinical_coverage,0.16326530612244897,0.16326530612244897,0.0
21403,SHAP,4,4,0.999998927116394,True,0.6,0.6,moderate,0.0,0.4671376943588257,clinical_coverage,0.17006802721088435,0.17006802721088435,0.0
21403,GradCAM,4,4,0.999998927116394,True,0.48,0.48,weak,0.0,0.6482043266296387,clinical_coverage,0.17006802721088435,0.17006802721088435,0.0
21403,IntegratedGradients,4,4,0.999998927116394,True,0.56,0.56,moderate,0.0,0.6316781044006348,clinical_coverage,0.17006802721088435,0.17006802721088435,0.0
21444,SHAP,4,4,0.9999997615814209,True,0.68,0.68,moderate,0.0,0.3265107274055481,clinical_coverage,0.17006802721088435,0.17006802721088435,0.0
21444,GradCAM,4,4,0.9999997615814209,True,0.72,0.72,moderate,0.0,0.7783693075180054,clinical_coverage,0.17006802721088435,0.17006802721088435,0.0
21444,IntegratedGradients,4,4,0.9999997615814209,True,0.68,0.68,moderate,0.0,0.3410421907901764,clinical_coverage,0.17006802721088435,0.17006802721088435,0.0
21522,SHAP,4,4,0.999996542930603,True,0.7027027027027027,0.7027027027027027,moderate,0.0,0.5773470997810364,clinical_coverage,0.1292517006802721,0.12244897959183673,0.006802721088435382
21522,GradCAM,4,4,0.999996542930603,True,0.0,0.0,minimal,0.0,0.4871513545513153,clinical_coverage,0.12244897959183673,0.12244897959183673,0.0
21522,IntegratedGradients,4,4,0.999996542930603,True,0.8484848484848485,0.7486631016042781,moderate,0.11764705882352941,0.6340240836143494,clinical_coverage,0.11564625850340136,0.12244897959183673,0.006802721088435368
21531,SHAP,4,4,0.9999998807907104,True,0.7407407407407407,0.7407407407407407,moderate,0.0,0.13940350711345673,clinical_coverage,0.19047619047619047,0.17687074829931973,0.013605442176870736
21531,GradCAM,4,4,0.9999998807907104,True,0.0,0.0,minimal,0.0,0.0,clinical_coverage,0.0,0.17687074829931973,0.17687074829931973
21531,IntegratedGradients,4,4,0.9999998807907104,True,0.7307692307692307,0.7307692307692307,moderate,0.0,0.17945608496665955,clinical_coverage,0.17687074829931973,0.17687074829931973,0.0
21584,SHAP,4,4,0.9999127388000488,True,0.8636363636363636,0.8636363636363636,strong,0.0,0.1477554887533188,clinical_coverage,0.14965986394557823,0.14965986394557823,0.0
21584,GradCAM,4,4,0.9999127388000488,True,0.5,0.45,weak,0.1,0.7585541009902954,clinical_coverage,0.1360544217687075,0.14965986394557823,0.013605442176870736
21584,IntegratedGradients,4,4,0.9999127388000488,True,0.8837209302325582,0.8837209302325582,strong,0.0,0.1114611029624939,clinical_coverage,0.14285714285714285,0.14965986394557823,0.006802721088435382
21870,SHAP,4,4,1.0,True,0.8636363636363636,0.8636363636363636,strong,0.0,0.11678636819124222,clinical_coverage,0.14965986394557823,0.14965986394557823,0.0
21870,GradCAM,4,4,1.0,True,0.0,0.0,minimal,0.0,0.0,clinical_coverage,0.0,0.14965986394557823,0.14965986394557823
21870,IntegratedGradients,4,4,1.0,True,0.8636363636363636,0.8636363636363636,strong,0.0,0.19494815170764923,clinical_coverage,0.14965986394557823,0.14965986394557823,0.0
